id,piece_type,size,quantity,length,reserved_for_assembly,notes,cutting_process_id,width
1,ظهر يمين,26,348,,0,,1,
2,ظهر شمال,26,348,,0,,1,
3,سدر يمين,26,348,,0,,1,
4,سدر شمال,26,348,,0,,1,
5,كمر,26,348,,0,,1,
6,باليتة سوستة,26,348,,0,,1,
7,جيب أمامي,26,696,,0,,1,
8,جيب خلفي,26,696,,0,,1,
9,بطانة جيب,26,1392,,0,,1,
10,كسر سوستة,26,348,,0,,1,
11,جيب ساعة,26,348,,0,,1,
12,دوبلير كمر,26,348,,0,,1,
13,ظهر يمين,28,348,,0,,1,
14,ظهر شمال,28,348,,0,,1,
15,سدر يمين,28,348,,0,,1,
16,سدر شمال,28,348,,0,,1,
17,كمر,28,348,,0,,1,
18,باليتة سوستة,28,348,,0,,1,
19,جيب أمامي,28,696,,0,,1,
20,جيب خلفي,28,696,,0,,1,
21,بطانة جيب,28,1392,,0,,1,
22,كسر سوستة,28,348,,0,,1,
23,جيب ساعة,28,348,,0,,1,
24,دوبلير كمر,28,348,,0,,1,
25,ظهر يمين,30,348,,0,,1,
26,ظهر شمال,30,348,,0,,1,
27,سدر يمين,30,348,,0,,1,
28,سدر شمال,30,348,,0,,1,
29,كمر,30,348,,0,,1,
30,باليتة سوستة,30,348,,0,,1,
31,جيب أمامي,30,696,,0,,1,
32,جيب خلفي,30,696,,0,,1,
33,بطانة جيب,30,1392,,0,,1,
34,كسر سوستة,30,348,,0,,1,
35,جيب ساعة,30,348,,0,,1,
36,دوبلير كمر,30,348,,0,,1,
37,ظهر يمين,34,386,,0,,2,
38,ظهر شمال,34,386,,0,,2,
39,سدر يمين,34,386,,0,,2,
40,سدر شمال,34,386,,0,,2,
41,كمر,34,386,,0,,2,
42,باليتة سوستة,34,386,,0,,2,
43,جيب أمامي,34,772,,0,,2,
44,جيب خلفي,34,772,,0,,2,
45,بطانة جيب,34,1544,,0,,2,
46,كسر سوستة,34,386,,0,,2,
47,جيب ساعة,34,386,,0,,2,
48,دوبلير كمر,34,386,,0,,2,
49,ظهر يمين,36,386,,0,,2,
50,ظهر شمال,36,386,,0,,2,
51,سدر يمين,36,386,,0,,2,
52,سدر شمال,36,386,,0,,2,
53,كمر,36,386,,0,,2,
54,باليتة سوستة,36,386,,0,,2,
55,جيب أمامي,36,772,,0,,2,
56,جيب خلفي,36,772,,0,,2,
57,بطانة جيب,36,1544,,0,,2,
58,كسر سوستة,36,386,,0,,2,
59,جيب ساعة,36,386,,0,,2,
60,دوبلير كمر,36,386,,0,,2,
61,ظهر يمين,38,386,,0,,2,
62,ظهر شمال,38,386,,0,,2,
63,سدر يمين,38,386,,0,,2,
64,سدر شمال,38,386,,0,,2,
65,كمر,38,386,,0,,2,
66,باليتة سوستة,38,386,,0,,2,
67,جيب أمامي,38,772,,0,,2,
68,جيب خلفي,38,772,,0,,2,
69,بطانة جيب,38,1544,,0,,2,
70,كسر سوستة,38,386,,0,,2,
71,جيب ساعة,38,386,,0,,2,
72,دوبلير كمر,38,386,,0,,2,
73,ظهر يمين,36,177,,0,,3,
74,ظهر شمال,36,177,,0,,3,
75,سدر يمين,36,177,,0,,3,
76,سدر شمال,36,177,,0,,3,
77,كمر,36,177,,0,,3,
78,باليتة سوستة,36,177,,0,,3,
79,جيب أمامي,36,354,,0,,3,
80,جيب خلفي,36,354,,0,,3,
81,بطانة جيب,36,708,,0,,3,
82,كسر سوستة,36,177,,0,,3,
83,جيب ساعة,36,177,,0,,3,
84,دوبلير كمر,36,177,,0,,3,
85,ظهر يمين,38,177,,0,,3,
86,ظهر شمال,38,177,,0,,3,
87,سدر يمين,38,177,,0,,3,
88,سدر شمال,38,177,,0,,3,
89,كمر,38,177,,0,,3,
90,باليتة سوستة,38,177,,0,,3,
91,جيب أمامي,38,354,,0,,3,
92,جيب خلفي,38,354,,0,,3,
93,بطانة جيب,38,708,,0,,3,
94,كسر سوستة,38,177,,0,,3,
95,جيب ساعة,38,177,,0,,3,
96,دوبلير كمر,38,177,,0,,3,
97,ظهر يمين,40,177,,0,,3,
98,ظهر شمال,40,177,,0,,3,
99,سدر يمين,40,177,,0,,3,
100,سدر شمال,40,177,,0,,3,
101,كمر,40,177,,0,,3,
102,باليتة سوستة,40,177,,0,,3,
103,جيب أمامي,40,354,,0,,3,
104,جيب خلفي,40,354,,0,,3,
105,بطانة جيب,40,708,,0,,3,
106,كسر سوستة,40,177,,0,,3,
107,جيب ساعة,40,177,,0,,3,
108,دوبلير كمر,40,177,,0,,3,
109,ظهر يمين,42,177,,0,,3,
110,ظهر شمال,42,177,,0,,3,
111,سدر يمين,42,177,,0,,3,
112,سدر شمال,42,177,,0,,3,
113,كمر,42,177,,0,,3,
114,باليتة سوستة,42,177,,0,,3,
115,جيب أمامي,42,354,,0,,3,
116,جيب خلفي,42,354,,0,,3,
117,بطانة جيب,42,708,,0,,3,
118,كسر سوستة,42,177,,0,,3,
119,جيب ساعة,42,177,,0,,3,
120,دوبلير كمر,42,177,,0,,3,
121,ظهر يمين,40,163,,0,,4,
122,ظهر شمال,40,163,,0,,4,
123,سدر يمين,40,163,,0,,4,
124,سدر شمال,40,163,,0,,4,
125,كمر,40,163,,0,,4,
126,باليتة سوستة,40,163,,0,,4,
127,جيب أمامي,40,326,,0,,4,
128,جيب خلفي,40,326,,0,,4,
129,بطانة جيب,40,652,,0,,4,
130,كسر سوستة,40,163,,0,,4,
131,جيب ساعة,40,163,,0,,4,
132,دوبلير كمر,40,163,,0,,4,
133,ظهر يمين,42,163,,0,,4,
134,ظهر شمال,42,163,,0,,4,
135,سدر يمين,42,163,,0,,4,
136,سدر شمال,42,163,,0,,4,
137,كمر,42,163,,0,,4,
138,باليتة سوستة,42,163,,0,,4,
139,جيب أمامي,42,326,,0,,4,
140,جيب خلفي,42,326,,0,,4,
141,بطانة جيب,42,652,,0,,4,
142,كسر سوستة,42,163,,0,,4,
143,جيب ساعة,42,163,,0,,4,
144,دوبلير كمر,42,163,,0,,4,
145,ظهر يمين,44,163,,0,,4,
146,ظهر شمال,44,163,,0,,4,
147,سدر يمين,44,163,,0,,4,
148,سدر شمال,44,163,,0,,4,
149,كمر,44,163,,0,,4,
150,باليتة سوستة,44,163,,0,,4,
151,جيب أمامي,44,326,,0,,4,
152,جيب خلفي,44,326,,0,,4,
153,بطانة جيب,44,652,,0,,4,
154,كسر سوستة,44,163,,0,,4,
155,جيب ساعة,44,163,,0,,4,
156,دوبلير كمر,44,163,,0,,4,
157,ظهر يمين,46,163,,0,,4,
158,ظهر شمال,46,163,,0,,4,
159,سدر يمين,46,163,,0,,4,
160,سدر شمال,46,163,,0,,4,
161,كمر,46,163,,0,,4,
162,باليتة سوستة,46,163,,0,,4,
163,جيب أمامي,46,326,,0,,4,
164,جيب خلفي,46,326,,0,,4,
165,بطانة جيب,46,652,,0,,4,
166,كسر سوستة,46,163,,0,,4,
167,جيب ساعة,46,163,,0,,4,
168,دوبلير كمر,46,163,,0,,4,
169,ظهر يمين,48,163,,0,,4,
170,ظهر شمال,48,163,,0,,4,
171,سدر يمين,48,163,,0,,4,
172,سدر شمال,48,163,,0,,4,
173,كمر,48,163,,0,,4,
174,باليتة سوستة,48,163,,0,,4,
175,جيب أمامي,48,326,,0,,4,
176,جيب خلفي,48,326,,0,,4,
177,بطانة جيب,48,652,,0,,4,
178,كسر سوستة,48,163,,0,,4,
179,جيب ساعة,48,163,,0,,4,
180,دوبلير كمر,48,163,,0,,4,
181,ظهر يمين,40,154,,0,,6,
182,ظهر شمال,40,154,,0,,6,
183,سدر يمين,40,154,,0,,6,
184,سدر شمال,40,154,,0,,6,
185,كمر,40,154,,0,,6,
186,باليتة سوستة,40,154,,0,,6,
187,جيب أمامي,40,308,,0,,6,
188,جيب خلفي,40,308,,0,,6,
189,بطانة جيب,40,616,,0,,6,
190,كسر سوستة,40,154,,0,,6,
191,جيب ساعة,40,154,,0,,6,
192,دوبلير كمر,40,154,,0,,6,
193,ظهر يمين,42,154,,0,,6,
194,ظهر شمال,42,154,,0,,6,
195,سدر يمين,42,154,,0,,6,
196,سدر شمال,42,154,,0,,6,
197,كمر,42,154,,0,,6,
198,باليتة سوستة,42,154,,0,,6,
199,جيب أمامي,42,308,,0,,6,
200,جيب خلفي,42,308,,0,,6,
201,بطانة جيب,42,616,,0,,6,
202,كسر سوستة,42,154,,0,,6,
203,جيب ساعة,42,154,,0,,6,
204,دوبلير كمر,42,154,,0,,6,
205,ظهر يمين,44,154,,0,,6,
206,ظهر شمال,44,154,,0,,6,
207,سدر يمين,44,154,,0,,6,
208,سدر شمال,44,154,,0,,6,
209,كمر,44,154,,0,,6,
210,باليتة سوستة,44,154,,0,,6,
211,جيب أمامي,44,308,,0,,6,
212,جيب خلفي,44,308,,0,,6,
213,بطانة جيب,44,616,,0,,6,
214,كسر سوستة,44,154,,0,,6,
215,جيب ساعة,44,154,,0,,6,
216,دوبلير كمر,44,154,,0,,6,
217,ظهر يمين,46,154,,0,,6,
218,ظهر شمال,46,154,,0,,6,
219,سدر يمين,46,154,,0,,6,
220,سدر شمال,46,154,,0,,6,
221,كمر,46,154,,0,,6,
222,باليتة سوستة,46,154,,0,,6,
223,جيب أمامي,46,308,,0,,6,
224,جيب خلفي,46,308,,0,,6,
225,بطانة جيب,46,616,,0,,6,
226,كسر سوستة,46,154,,0,,6,
227,جيب ساعة,46,154,,0,,6,
228,دوبلير كمر,46,154,,0,,6,
229,ظهر يمين,48,154,,0,,6,
230,ظهر شمال,48,154,,0,,6,
231,سدر يمين,48,154,,0,,6,
232,سدر شمال,48,154,,0,,6,
233,كمر,48,154,,0,,6,
234,باليتة سوستة,48,154,,0,,6,
235,جيب أمامي,48,308,,0,,6,
236,جيب خلفي,48,308,,0,,6,
237,بطانة جيب,48,616,,0,,6,
238,كسر سوستة,48,154,,0,,6,
239,جيب ساعة,48,154,,0,,6,
240,دوبلير كمر,48,154,,0,,6,
241,ظهر يمين,30,169,,0,,5,
242,ظهر شمال,30,169,,0,,5,
243,سدر يمين,30,169,,0,,5,
244,سدر شمال,30,169,,0,,5,
245,كمر,30,169,,0,,5,
246,باليتة سوستة,30,169,,0,,5,
247,جيب أمامي,30,338,,0,,5,
248,جيب خلفي,30,338,,0,,5,
249,بطانة جيب,30,676,,0,,5,
250,كسر سوستة,30,169,,0,,5,
251,جيب ساعة,30,169,,0,,5,
252,دوبلير كمر,30,169,,0,,5,
253,ظهر يمين,32,169,,0,,5,
254,ظهر شمال,32,169,,0,,5,
255,سدر يمين,32,169,,0,,5,
256,سدر شمال,32,169,,0,,5,
257,كمر,32,169,,0,,5,
258,باليتة سوستة,32,169,,0,,5,
259,جيب أمامي,32,338,,0,,5,
260,جيب خلفي,32,338,,0,,5,
261,بطانة جيب,32,676,,0,,5,
262,كسر سوستة,32,169,,0,,5,
263,جيب ساعة,32,169,,0,,5,
264,دوبلير كمر,32,169,,0,,5,
265,ظهر يمين,33,169,,0,,5,
266,ظهر شمال,33,169,,0,,5,
267,سدر يمين,33,169,,0,,5,
268,سدر شمال,33,169,,0,,5,
269,كمر,33,169,,0,,5,
270,باليتة سوستة,33,169,,0,,5,
271,جيب أمامي,33,338,,0,,5,
272,جيب خلفي,33,338,,0,,5,
273,بطانة جيب,33,676,,0,,5,
274,كسر سوستة,33,169,,0,,5,
275,جيب ساعة,33,169,,0,,5,
276,دوبلير كمر,33,169,,0,,5,
277,ظهر يمين,34,169,,0,,5,
278,ظهر شمال,34,169,,0,,5,
279,سدر يمين,34,169,,0,,5,
280,سدر شمال,34,169,,0,,5,
281,كمر,34,169,,0,,5,
282,باليتة سوستة,34,169,,0,,5,
283,جيب أمامي,34,338,,0,,5,
284,جيب خلفي,34,338,,0,,5,
285,بطانة جيب,34,676,,0,,5,
286,كسر سوستة,34,169,,0,,5,
287,جيب ساعة,34,169,,0,,5,
288,دوبلير كمر,34,169,,0,,5,
289,ظهر يمين,36,169,,0,,5,
290,ظهر شمال,36,169,,0,,5,
291,سدر يمين,36,169,,0,,5,
292,سدر شمال,36,169,,0,,5,
293,كمر,36,169,,0,,5,
294,باليتة سوستة,36,169,,0,,5,
295,جيب أمامي,36,338,,0,,5,
296,جيب خلفي,36,338,,0,,5,
297,بطانة جيب,36,676,,0,,5,
298,كسر سوستة,36,169,,0,,5,
299,جيب ساعة,36,169,,0,,5,
300,دوبلير كمر,36,169,,0,,5,
301,ظهر يمين,38,169,,0,,5,
302,ظهر شمال,38,169,,0,,5,
303,سدر يمين,38,169,,0,,5,
304,سدر شمال,38,169,,0,,5,
305,كمر,38,169,,0,,5,
306,باليتة سوستة,38,169,,0,,5,
307,جيب أمامي,38,338,,0,,5,
308,جيب خلفي,38,338,,0,,5,
309,بطانة جيب,38,676,,0,,5,
310,كسر سوستة,38,169,,0,,5,
311,جيب ساعة,38,169,,0,,5,
312,دوبلير كمر,38,169,,0,,5,
313,ظهر يمين,34,537,,0,,7,
314,ظهر شمال,34,537,,0,,7,
315,سدر يمين,34,537,,0,,7,
316,سدر شمال,34,537,,0,,7,
317,كمر,34,537,,0,,7,
318,باليتة سوستة,34,537,,0,,7,
319,جيب أمامي,34,1074,,0,,7,
320,جيب خلفي,34,1074,,0,,7,
321,بطانة جيب,34,2148,,0,,7,
322,كسر سوستة,34,537,,0,,7,
323,جيب ساعة,34,537,,0,,7,
324,دوبلير كمر,34,537,,0,,7,
325,ظهر يمين,36,537,,0,,7,
326,ظهر شمال,36,537,,0,,7,
327,سدر يمين,36,537,,0,,7,
328,سدر شمال,36,537,,0,,7,
329,كمر,36,537,,0,,7,
330,باليتة سوستة,36,537,,0,,7,
331,جيب أمامي,36,1074,,0,,7,
332,جيب خلفي,36,1074,,0,,7,
333,بطانة جيب,36,2148,,0,,7,
334,كسر سوستة,36,537,,0,,7,
335,جيب ساعة,36,537,,0,,7,
336,دوبلير كمر,36,537,,0,,7,
337,ظهر يمين,30,117,,0,,8,
338,ظهر شمال,30,117,,0,,8,
339,سدر يمين,30,117,,0,,8,
340,سدر شمال,30,117,,0,,8,
341,كمر,30,117,,0,,8,
342,باليتة سوستة,30,117,,0,,8,
343,جيب أمامي,30,234,,0,,8,
344,جيب خلفي,30,234,,0,,8,
345,بطانة جيب,30,468,,0,,8,
346,كسر سوستة,30,117,,0,,8,
347,جيب ساعة,30,117,,0,,8,
348,دوبلير كمر,30,117,,0,,8,
349,ظهر يمين,32,117,,0,,8,
350,ظهر شمال,32,117,,0,,8,
351,سدر يمين,32,117,,0,,8,
352,سدر شمال,32,117,,0,,8,
353,كمر,32,117,,0,,8,
354,باليتة سوستة,32,117,,0,,8,
355,جيب أمامي,32,234,,0,,8,
356,جيب خلفي,32,234,,0,,8,
357,بطانة جيب,32,468,,0,,8,
358,كسر سوستة,32,117,,0,,8,
359,جيب ساعة,32,117,,0,,8,
360,دوبلير كمر,32,117,,0,,8,
361,ظهر يمين,33,117,,0,,8,
362,ظهر شمال,33,117,,0,,8,
363,سدر يمين,33,117,,0,,8,
364,سدر شمال,33,117,,0,,8,
365,كمر,33,117,,0,,8,
366,باليتة سوستة,33,117,,0,,8,
367,جيب أمامي,33,234,,0,,8,
368,جيب خلفي,33,234,,0,,8,
369,بطانة جيب,33,468,,0,,8,
370,كسر سوستة,33,117,,0,,8,
371,جيب ساعة,33,117,,0,,8,
372,دوبلير كمر,33,117,,0,,8,
373,ظهر يمين,34,117,,0,,8,
374,ظهر شمال,34,117,,0,,8,
375,سدر يمين,34,117,,0,,8,
376,سدر شمال,34,117,,0,,8,
377,كمر,34,117,,0,,8,
378,باليتة سوستة,34,117,,0,,8,
379,جيب أمامي,34,234,,0,,8,
380,جيب خلفي,34,234,,0,,8,
381,بطانة جيب,34,468,,0,,8,
382,كسر سوستة,34,117,,0,,8,
383,جيب ساعة,34,117,,0,,8,
384,دوبلير كمر,34,117,,0,,8,
385,ظهر يمين,36,117,,0,,8,
386,ظهر شمال,36,117,,0,,8,
387,سدر يمين,36,117,,0,,8,
388,سدر شمال,36,117,,0,,8,
389,كمر,36,117,,0,,8,
390,باليتة سوستة,36,117,,0,,8,
391,جيب أمامي,36,234,,0,,8,
392,جيب خلفي,36,234,,0,,8,
393,بطانة جيب,36,468,,0,,8,
394,كسر سوستة,36,117,,0,,8,
395,جيب ساعة,36,117,,0,,8,
396,دوبلير كمر,36,117,,0,,8,
397,ظهر يمين,38,117,,0,,8,
398,ظهر شمال,38,117,,0,,8,
399,سدر يمين,38,117,,0,,8,
400,سدر شمال,38,117,,0,,8,
401,كمر,38,117,,0,,8,
402,باليتة سوستة,38,117,,0,,8,
403,جيب أمامي,38,234,,0,,8,
404,جيب خلفي,38,234,,0,,8,
405,بطانة جيب,38,468,,0,,8,
406,كسر سوستة,38,117,,0,,8,
407,جيب ساعة,38,117,,0,,8,
408,دوبلير كمر,38,117,,0,,8,
409,ظهر يمين,30,153,,0,,9,
410,ظهر شمال,30,153,,0,,9,
411,سدر يمين,30,153,,0,,9,
412,سدر شمال,30,153,,0,,9,
413,كمر,30,153,,0,,9,
414,باليتة سوستة,30,153,,0,,9,
415,جيب أمامي,30,306,,0,,9,
416,جيب خلفي,30,306,,0,,9,
417,بطانة جيب,30,612,,0,,9,
418,كسر سوستة,30,153,,0,,9,
419,جيب ساعة,30,153,,0,,9,
420,دوبلير كمر,30,153,,0,,9,
421,ظهر يمين,32,153,,0,,9,
422,ظهر شمال,32,153,,0,,9,
423,سدر يمين,32,153,,0,,9,
424,سدر شمال,32,153,,0,,9,
425,كمر,32,153,,0,,9,
426,باليتة سوستة,32,153,,0,,9,
427,جيب أمامي,32,306,,0,,9,
428,جيب خلفي,32,306,,0,,9,
429,بطانة جيب,32,612,,0,,9,
430,كسر سوستة,32,153,,0,,9,
431,جيب ساعة,32,153,,0,,9,
432,دوبلير كمر,32,153,,0,,9,
433,ظهر يمين,33,153,,0,,9,
434,ظهر شمال,33,153,,0,,9,
435,سدر يمين,33,153,,0,,9,
436,سدر شمال,33,153,,0,,9,
437,كمر,33,153,,0,,9,
438,باليتة سوستة,33,153,,0,,9,
439,جيب أمامي,33,306,,0,,9,
440,جيب خلفي,33,306,,0,,9,
441,بطانة جيب,33,612,,0,,9,
442,كسر سوستة,33,153,,0,,9,
443,جيب ساعة,33,153,,0,,9,
444,دوبلير كمر,33,153,,0,,9,
445,ظهر يمين,34,153,,0,,9,
446,ظهر شمال,34,153,,0,,9,
447,سدر يمين,34,153,,0,,9,
448,سدر شمال,34,153,,0,,9,
449,كمر,34,153,,0,,9,
450,باليتة سوستة,34,153,,0,,9,
451,جيب أمامي,34,306,,0,,9,
452,جيب خلفي,34,306,,0,,9,
453,بطانة جيب,34,612,,0,,9,
454,كسر سوستة,34,153,,0,,9,
455,جيب ساعة,34,153,,0,,9,
456,دوبلير كمر,34,153,,0,,9,
457,ظهر يمين,36,153,,0,,9,
458,ظهر شمال,36,153,,0,,9,
459,سدر يمين,36,153,,0,,9,
460,سدر شمال,36,153,,0,,9,
461,كمر,36,153,,0,,9,
462,باليتة سوستة,36,153,,0,,9,
463,جيب أمامي,36,306,,0,,9,
464,جيب خلفي,36,306,,0,,9,
465,بطانة جيب,36,612,,0,,9,
466,كسر سوستة,36,153,,0,,9,
467,جيب ساعة,36,153,,0,,9,
468,دوبلير كمر,36,153,,0,,9,
469,ظهر يمين,38,153,,0,,9,
470,ظهر شمال,38,153,,0,,9,
471,سدر يمين,38,153,,0,,9,
472,سدر شمال,38,153,,0,,9,
473,كمر,38,153,,0,,9,
474,باليتة سوستة,38,153,,0,,9,
475,جيب أمامي,38,306,,0,,9,
476,جيب خلفي,38,306,,0,,9,
477,بطانة جيب,38,612,,0,,9,
478,كسر سوستة,38,153,,0,,9,
479,جيب ساعة,38,153,,0,,9,
480,دوبلير كمر,38,153,,0,,9,
481,ظهر يمين,32,417,,0,,11,
482,ظهر شمال,32,417,,0,,11,
483,سدر يمين,32,417,,0,,11,
484,سدر شمال,32,417,,0,,11,
485,كمر,32,417,,0,,11,
486,باليتة سوستة,32,417,,0,,11,
487,جيب أمامي,32,834,,0,,11,
488,جيب خلفي,32,834,,0,,11,
489,بطانة جيب,32,1668,,0,,11,
490,كسر سوستة,32,417,,0,,11,
491,جيب ساعة,32,417,,0,,11,
492,دوبلير كمر,32,417,,0,,11,
493,ظهر يمين,34,417,,0,,11,
494,ظهر شمال,34,417,,0,,11,
495,سدر يمين,34,417,,0,,11,
496,سدر شمال,34,417,,0,,11,
497,كمر,34,417,,0,,11,
498,باليتة سوستة,34,417,,0,,11,
499,جيب أمامي,34,834,,0,,11,
500,جيب خلفي,34,834,,0,,11,
501,بطانة جيب,34,1668,,0,,11,
502,كسر سوستة,34,417,,0,,11,
503,جيب ساعة,34,417,,0,,11,
504,دوبلير كمر,34,417,,0,,11,
505,ظهر يمين,36,417,,0,,11,
506,ظهر شمال,36,417,,0,,11,
507,سدر يمين,36,417,,0,,11,
508,سدر شمال,36,417,,0,,11,
509,كمر,36,417,,0,,11,
510,باليتة سوستة,36,417,,0,,11,
511,جيب أمامي,36,834,,0,,11,
512,جيب خلفي,36,834,,0,,11,
513,بطانة جيب,36,1668,,0,,11,
514,كسر سوستة,36,417,,0,,11,
515,جيب ساعة,36,417,,0,,11,
516,دوبلير كمر,36,417,,0,,11,
517,ظهر يمين,32,450,,0,,10,
518,ظهر شمال,32,450,,0,,10,
519,سدر يمين,32,450,,0,,10,
520,سدر شمال,32,450,,0,,10,
521,كمر,32,450,,0,,10,
522,باليتة سوستة,32,450,,0,,10,
523,جيب أمامي,32,900,,0,,10,
524,جيب خلفي,32,900,,0,,10,
525,بطانة جيب,32,1800,,0,,10,
526,كسر سوستة,32,450,,0,,10,
527,جيب ساعة,32,450,,0,,10,
528,دوبلير كمر,32,450,,0,,10,
529,ظهر يمين,34,450,,0,,10,
530,ظهر شمال,34,450,,0,,10,
531,سدر يمين,34,450,,0,,10,
532,سدر شمال,34,450,,0,,10,
533,كمر,34,450,,0,,10,
534,باليتة سوستة,34,450,,0,,10,
535,جيب أمامي,34,900,,0,,10,
536,جيب خلفي,34,900,,0,,10,
537,بطانة جيب,34,1800,,0,,10,
538,كسر سوستة,34,450,,0,,10,
539,جيب ساعة,34,450,,0,,10,
540,دوبلير كمر,34,450,,0,,10,
541,ظهر يمين,36,450,,0,,10,
542,ظهر شمال,36,450,,0,,10,
543,سدر يمين,36,450,,0,,10,
544,سدر شمال,36,450,,0,,10,
545,كمر,36,450,,0,,10,
546,باليتة سوستة,36,450,,0,,10,
547,جيب أمامي,36,900,,0,,10,
548,جيب خلفي,36,900,,0,,10,
549,بطانة جيب,36,1800,,0,,10,
550,كسر سوستة,36,450,,0,,10,
551,جيب ساعة,36,450,,0,,10,
552,دوبلير كمر,36,450,,0,,10,
553,ظهر يمين,30,149,,0,,12,
554,ظهر شمال,30,149,,0,,12,
555,سدر يمين,30,149,,0,,12,
556,سدر شمال,30,149,,0,,12,
557,كمر,30,149,,0,,12,
558,باليتة سوستة,30,149,,0,,12,
559,جيب أمامي,30,298,,0,,12,
560,جيب خلفي,30,298,,0,,12,
561,بطانة جيب,30,596,,0,,12,
562,كسر سوستة,30,149,,0,,12,
563,جيب ساعة,30,149,,0,,12,
564,دوبلير كمر,30,149,,0,,12,
565,ظهر يمين,32,149,,0,,12,
566,ظهر شمال,32,149,,0,,12,
567,سدر يمين,32,149,,0,,12,
568,سدر شمال,32,149,,0,,12,
569,كمر,32,149,,0,,12,
570,باليتة سوستة,32,149,,0,,12,
571,جيب أمامي,32,298,,0,,12,
572,جيب خلفي,32,298,,0,,12,
573,بطانة جيب,32,596,,0,,12,
574,كسر سوستة,32,149,,0,,12,
575,جيب ساعة,32,149,,0,,12,
576,دوبلير كمر,32,149,,0,,12,
577,ظهر يمين,33,149,,0,,12,
578,ظهر شمال,33,149,,0,,12,
579,سدر يمين,33,149,,0,,12,
580,سدر شمال,33,149,,0,,12,
581,كمر,33,149,,0,,12,
582,باليتة سوستة,33,149,,0,,12,
583,جيب أمامي,33,298,,0,,12,
584,جيب خلفي,33,298,,0,,12,
585,بطانة جيب,33,596,,0,,12,
586,كسر سوستة,33,149,,0,,12,
587,جيب ساعة,33,149,,0,,12,
588,دوبلير كمر,33,149,,0,,12,
589,ظهر يمين,34,149,,0,,12,
590,ظهر شمال,34,149,,0,,12,
591,سدر يمين,34,149,,0,,12,
592,سدر شمال,34,149,,0,,12,
593,كمر,34,149,,0,,12,
594,باليتة سوستة,34,149,,0,,12,
595,جيب أمامي,34,298,,0,,12,
596,جيب خلفي,34,298,,0,,12,
597,بطانة جيب,34,596,,0,,12,
598,كسر سوستة,34,149,,0,,12,
599,جيب ساعة,34,149,,0,,12,
600,دوبلير كمر,34,149,,0,,12,
601,ظهر يمين,36,149,,0,,12,
602,ظهر شمال,36,149,,0,,12,
603,سدر يمين,36,149,,0,,12,
604,سدر شمال,36,149,,0,,12,
605,كمر,36,149,,0,,12,
606,باليتة سوستة,36,149,,0,,12,
607,جيب أمامي,36,298,,0,,12,
608,جيب خلفي,36,298,,0,,12,
609,بطانة جيب,36,596,,0,,12,
610,كسر سوستة,36,149,,0,,12,
611,جيب ساعة,36,149,,0,,12,
612,دوبلير كمر,36,149,,0,,12,
613,ظهر يمين,38,149,,0,,12,
614,ظهر شمال,38,149,,0,,12,
615,سدر يمين,38,149,,0,,12,
616,سدر شمال,38,149,,0,,12,
617,كمر,38,149,,0,,12,
618,باليتة سوستة,38,149,,0,,12,
619,جيب أمامي,38,298,,0,,12,
620,جيب خلفي,38,298,,0,,12,
621,بطانة جيب,38,596,,0,,12,
622,كسر سوستة,38,149,,0,,12,
623,جيب ساعة,38,149,,0,,12,
624,دوبلير كمر,38,149,,0,,12,
625,ظهر يمين,30,140,,0,,13,
626,ظهر شمال,30,140,,0,,13,
627,سدر يمين,30,140,,0,,13,
628,سدر شمال,30,140,,0,,13,
629,كمر,30,140,,0,,13,
630,باليتة سوستة,30,140,,0,,13,
631,جيب أمامي,30,280,,0,,13,
632,جيب خلفي,30,280,,0,,13,
633,بطانة جيب,30,560,,0,,13,
634,كسر سوستة,30,140,,0,,13,
635,جيب ساعة,30,140,,0,,13,
636,دوبلير كمر,30,140,,0,,13,
637,ظهر يمين,32,140,,0,,13,
638,ظهر شمال,32,140,,0,,13,
639,سدر يمين,32,140,,0,,13,
640,سدر شمال,32,140,,0,,13,
641,كمر,32,140,,0,,13,
642,باليتة سوستة,32,140,,0,,13,
643,جيب أمامي,32,280,,0,,13,
644,جيب خلفي,32,280,,0,,13,
645,بطانة جيب,32,560,,0,,13,
646,كسر سوستة,32,140,,0,,13,
647,جيب ساعة,32,140,,0,,13,
648,دوبلير كمر,32,140,,0,,13,
649,ظهر يمين,33,140,,0,,13,
650,ظهر شمال,33,140,,0,,13,
651,سدر يمين,33,140,,0,,13,
652,سدر شمال,33,140,,0,,13,
653,كمر,33,140,,0,,13,
654,باليتة سوستة,33,140,,0,,13,
655,جيب أمامي,33,280,,0,,13,
656,جيب خلفي,33,280,,0,,13,
657,بطانة جيب,33,560,,0,,13,
658,كسر سوستة,33,140,,0,,13,
659,جيب ساعة,33,140,,0,,13,
660,دوبلير كمر,33,140,,0,,13,
661,ظهر يمين,34,140,,0,,13,
662,ظهر شمال,34,140,,0,,13,
663,سدر يمين,34,140,,0,,13,
664,سدر شمال,34,140,,0,,13,
665,كمر,34,140,,0,,13,
666,باليتة سوستة,34,140,,0,,13,
667,جيب أمامي,34,280,,0,,13,
668,جيب خلفي,34,280,,0,,13,
669,بطانة جيب,34,560,,0,,13,
670,كسر سوستة,34,140,,0,,13,
671,جيب ساعة,34,140,,0,,13,
672,دوبلير كمر,34,140,,0,,13,
673,ظهر يمين,36,140,,0,,13,
674,ظهر شمال,36,140,,0,,13,
675,سدر يمين,36,140,,0,,13,
676,سدر شمال,36,140,,0,,13,
677,كمر,36,140,,0,,13,
678,باليتة سوستة,36,140,,0,,13,
679,جيب أمامي,36,280,,0,,13,
680,جيب خلفي,36,280,,0,,13,
681,بطانة جيب,36,560,,0,,13,
682,كسر سوستة,36,140,,0,,13,
683,جيب ساعة,36,140,,0,,13,
684,دوبلير كمر,36,140,,0,,13,
685,ظهر يمين,38,140,,0,,13,
686,ظهر شمال,38,140,,0,,13,
687,سدر يمين,38,140,,0,,13,
688,سدر شمال,38,140,,0,,13,
689,كمر,38,140,,0,,13,
690,باليتة سوستة,38,140,,0,,13,
691,جيب أمامي,38,280,,0,,13,
692,جيب خلفي,38,280,,0,,13,
693,بطانة جيب,38,560,,0,,13,
694,كسر سوستة,38,140,,0,,13,
695,جيب ساعة,38,140,,0,,13,
696,دوبلير كمر,38,140,,0,,13,
697,ظهر يمين,30,164,,0,,14,
698,ظهر شمال,30,164,,0,,14,
699,سدر يمين,30,164,,0,,14,
700,سدر شمال,30,164,,0,,14,
701,كمر,30,164,,0,,14,
702,باليتة سوستة,30,164,,0,,14,
703,جيب أمامي,30,328,,0,,14,
704,جيب خلفي,30,328,,0,,14,
705,بطانة جيب,30,656,,0,,14,
706,كسر سوستة,30,164,,0,,14,
707,جيب ساعة,30,164,,0,,14,
708,دوبلير كمر,30,164,,0,,14,
709,ظهر يمين,32,164,,0,,14,
710,ظهر شمال,32,164,,0,,14,
711,سدر يمين,32,164,,0,,14,
712,سدر شمال,32,164,,0,,14,
713,كمر,32,164,,0,,14,
714,باليتة سوستة,32,164,,0,,14,
715,جيب أمامي,32,328,,0,,14,
716,جيب خلفي,32,328,,0,,14,
717,بطانة جيب,32,656,,0,,14,
718,كسر سوستة,32,164,,0,,14,
719,جيب ساعة,32,164,,0,,14,
720,دوبلير كمر,32,164,,0,,14,
721,ظهر يمين,33,164,,0,,14,
722,ظهر شمال,33,164,,0,,14,
723,سدر يمين,33,164,,0,,14,
724,سدر شمال,33,164,,0,,14,
725,كمر,33,164,,0,,14,
726,باليتة سوستة,33,164,,0,,14,
727,جيب أمامي,33,328,,0,,14,
728,جيب خلفي,33,328,,0,,14,
729,بطانة جيب,33,656,,0,,14,
730,كسر سوستة,33,164,,0,,14,
731,جيب ساعة,33,164,,0,,14,
732,دوبلير كمر,33,164,,0,,14,
733,ظهر يمين,34,164,,0,,14,
734,ظهر شمال,34,164,,0,,14,
735,سدر يمين,34,164,,0,,14,
736,سدر شمال,34,164,,0,,14,
737,كمر,34,164,,0,,14,
738,باليتة سوستة,34,164,,0,,14,
739,جيب أمامي,34,328,,0,,14,
740,جيب خلفي,34,328,,0,,14,
741,بطانة جيب,34,656,,0,,14,
742,كسر سوستة,34,164,,0,,14,
743,جيب ساعة,34,164,,0,,14,
744,دوبلير كمر,34,164,,0,,14,
745,ظهر يمين,36,164,,0,,14,
746,ظهر شمال,36,164,,0,,14,
747,سدر يمين,36,164,,0,,14,
748,سدر شمال,36,164,,0,,14,
749,كمر,36,164,,0,,14,
750,باليتة سوستة,36,164,,0,,14,
751,جيب أمامي,36,328,,0,,14,
752,جيب خلفي,36,328,,0,,14,
753,بطانة جيب,36,656,,0,,14,
754,كسر سوستة,36,164,,0,,14,
755,جيب ساعة,36,164,,0,,14,
756,دوبلير كمر,36,164,,0,,14,
757,ظهر يمين,38,164,,0,,14,
758,ظهر شمال,38,164,,0,,14,
759,سدر يمين,38,164,,0,,14,
760,سدر شمال,38,164,,0,,14,
761,كمر,38,164,,0,,14,
762,باليتة سوستة,38,164,,0,,14,
763,جيب أمامي,38,328,,0,,14,
764,جيب خلفي,38,328,,0,,14,
765,بطانة جيب,38,656,,0,,14,
766,كسر سوستة,38,164,,0,,14,
767,جيب ساعة,38,164,,0,,14,
768,دوبلير كمر,38,164,,0,,14,
769,ظهر يمين,30,104,,0,,15,
770,ظهر شمال,30,104,,0,,15,
771,سدر يمين,30,104,,0,,15,
772,سدر شمال,30,104,,0,,15,
773,كمر,30,104,,0,,15,
774,باليتة سوستة,30,104,,0,,15,
775,جيب أمامي,30,208,,0,,15,
776,جيب خلفي,30,208,,0,,15,
777,بطانة جيب,30,416,,0,,15,
778,كسر سوستة,30,104,,0,,15,
779,جيب ساعة,30,104,,0,,15,
780,دوبلير كمر,30,104,,0,,15,
781,ظهر يمين,32,104,,0,,15,
782,ظهر شمال,32,104,,0,,15,
783,سدر يمين,32,104,,0,,15,
784,سدر شمال,32,104,,0,,15,
785,كمر,32,104,,0,,15,
786,باليتة سوستة,32,104,,0,,15,
787,جيب أمامي,32,208,,0,,15,
788,جيب خلفي,32,208,,0,,15,
789,بطانة جيب,32,416,,0,,15,
790,كسر سوستة,32,104,,0,,15,
791,جيب ساعة,32,104,,0,,15,
792,دوبلير كمر,32,104,,0,,15,
793,ظهر يمين,33,104,,0,,15,
794,ظهر شمال,33,104,,0,,15,
795,سدر يمين,33,104,,0,,15,
796,سدر شمال,33,104,,0,,15,
797,كمر,33,104,,0,,15,
798,باليتة سوستة,33,104,,0,,15,
799,جيب أمامي,33,208,,0,,15,
800,جيب خلفي,33,208,,0,,15,
801,بطانة جيب,33,416,,0,,15,
802,كسر سوستة,33,104,,0,,15,
803,جيب ساعة,33,104,,0,,15,
804,دوبلير كمر,33,104,,0,,15,
805,ظهر يمين,34,104,,0,,15,
806,ظهر شمال,34,104,,0,,15,
807,سدر يمين,34,104,,0,,15,
808,سدر شمال,34,104,,0,,15,
809,كمر,34,104,,0,,15,
810,باليتة سوستة,34,104,,0,,15,
811,جيب أمامي,34,208,,0,,15,
812,جيب خلفي,34,208,,0,,15,
813,بطانة جيب,34,416,,0,,15,
814,كسر سوستة,34,104,,0,,15,
815,جيب ساعة,34,104,,0,,15,
816,دوبلير كمر,34,104,,0,,15,
817,ظهر يمين,36,104,,0,,15,
818,ظهر شمال,36,104,,0,,15,
819,سدر يمين,36,104,,0,,15,
820,سدر شمال,36,104,,0,,15,
821,كمر,36,104,,0,,15,
822,باليتة سوستة,36,104,,0,,15,
823,جيب أمامي,36,208,,0,,15,
824,جيب خلفي,36,208,,0,,15,
825,بطانة جيب,36,416,,0,,15,
826,كسر سوستة,36,104,,0,,15,
827,جيب ساعة,36,104,,0,,15,
828,دوبلير كمر,36,104,,0,,15,
829,ظهر يمين,38,104,,0,,15,
830,ظهر شمال,38,104,,0,,15,
831,سدر يمين,38,104,,0,,15,
832,سدر شمال,38,104,,0,,15,
833,كمر,38,104,,0,,15,
834,باليتة سوستة,38,104,,0,,15,
835,جيب أمامي,38,208,,0,,15,
836,جيب خلفي,38,208,,0,,15,
837,بطانة جيب,38,416,,0,,15,
838,كسر سوستة,38,104,,0,,15,
839,جيب ساعة,38,104,,0,,15,
840,دوبلير كمر,38,104,,0,,15,
841,ظهر يمين,36,172,,0,,16,
842,ظهر شمال,36,172,,0,,16,
843,سدر يمين,36,172,,0,,16,
844,سدر شمال,36,172,,0,,16,
845,كمر,36,172,,0,,16,
846,باليتة سوستة,36,172,,0,,16,
847,جيب أمامي,36,344,,0,,16,
848,جيب خلفي,36,344,,0,,16,
849,بطانة جيب,36,688,,0,,16,
850,كسر سوستة,36,172,,0,,16,
851,جيب ساعة,36,172,,0,,16,
852,دوبلير كمر,36,172,,0,,16,
853,ظهر يمين,38,172,,0,,16,
854,ظهر شمال,38,172,,0,,16,
855,سدر يمين,38,172,,0,,16,
856,سدر شمال,38,172,,0,,16,
857,كمر,38,172,,0,,16,
858,باليتة سوستة,38,172,,0,,16,
859,جيب أمامي,38,344,,0,,16,
860,جيب خلفي,38,344,,0,,16,
861,بطانة جيب,38,688,,0,,16,
862,كسر سوستة,38,172,,0,,16,
863,جيب ساعة,38,172,,0,,16,
864,دوبلير كمر,38,172,,0,,16,
865,ظهر يمين,40,172,,0,,16,
866,ظهر شمال,40,172,,0,,16,
867,سدر يمين,40,172,,0,,16,
868,سدر شمال,40,172,,0,,16,
869,كمر,40,172,,0,,16,
870,باليتة سوستة,40,172,,0,,16,
871,جيب أمامي,40,344,,0,,16,
872,جيب خلفي,40,344,,0,,16,
873,بطانة جيب,40,688,,0,,16,
874,كسر سوستة,40,172,,0,,16,
875,جيب ساعة,40,172,,0,,16,
876,دوبلير كمر,40,172,,0,,16,
877,ظهر يمين,42,172,,0,,16,
878,ظهر شمال,42,172,,0,,16,
879,سدر يمين,42,172,,0,,16,
880,سدر شمال,42,172,,0,,16,
881,كمر,42,172,,0,,16,
882,باليتة سوستة,42,172,,0,,16,
883,جيب أمامي,42,344,,0,,16,
884,جيب خلفي,42,344,,0,,16,
885,بطانة جيب,42,688,,0,,16,
886,كسر سوستة,42,172,,0,,16,
887,جيب ساعة,42,172,,0,,16,
888,دوبلير كمر,42,172,,0,,16,
